{"cameraMode":{"drawMode":0,"name":"Shaded","section":"Shading Mode"},"sceneLighting":true,"audioPlay":false,"sceneViewState":{"showFog":false,"showMaterialUpdate":false,"showSkybox":false,"showFlares":false,"showImageEffects":false,"showParticleSystems":false},"in2DMode":false,"pivot":{"x":1.816615104675293,"y":7.0687665939331059,"z":381.5231628417969},"rotation":{"x":0.13461311161518098,"y":0.058625172823667529,"z":-0.005466999486088753,"w":0.9899243712425232},"size":7.929080486297607,"orthographic":false}