{"cameraMode":{"drawMode":0,"name":"Shaded","section":"Shading Mode"},"sceneLighting":false,"audioPlay":false,"sceneViewState":{"showFog":false,"showMaterialUpdate":false,"showSkybox":false,"showFlares":false,"showImageEffects":false,"showParticleSystems":false},"in2DMode":false,"pivot":{"x":-0.21701237559318543,"y":-0.14238321781158448,"z":-0.04506657272577286},"rotation":{"x":-0.10535624623298645,"y":0.03310491144657135,"z":-0.0035168284084647896,"w":-0.9938920736312866},"size":0.6342498660087586,"orthographic":false}