{"cameraMode":{"drawMode":0,"name":"Shaded","section":"Shading Mode"},"sceneLighting":false,"audioPlay":false,"sceneViewState":{"showFog":false,"showMaterialUpdate":false,"showSkybox":false,"showFlares":false,"showImageEffects":false,"showParticleSystems":false},"in2DMode":false,"pivot":{"x":0.15493936836719514,"y":0.043880317360162738,"z":-0.6308921575546265},"rotation":{"x":0.14199864864349366,"y":0.09662193059921265,"z":-0.013851659372448922,"w":0.9854192733764648},"size":2.583200216293335,"orthographic":false}