{"cameraMode":{"drawMode":0,"name":"Shaded","section":"Shading Mode"},"sceneLighting":false,"audioPlay":false,"sceneViewState":{"showFog":false,"showMaterialUpdate":false,"showSkybox":false,"showFlares":false,"showImageEffects":false,"showParticleSystems":false},"in2DMode":false,"pivot":{"x":-79.34523010253906,"y":-98.42015838623047,"z":4.010253429412842},"rotation":{"x":-0.29522979259490969,"y":0.6364838480949402,"z":-0.28790444135665896,"w":-0.6526367664337158},"size":68.03839874267578,"orthographic":false}