{"cameraMode":{"drawMode":0,"name":"Shaded","section":"Shading Mode"},"sceneLighting":false,"audioPlay":false,"sceneViewState":{"showFog":false,"showMaterialUpdate":false,"showSkybox":false,"showFlares":false,"showImageEffects":false,"showParticleSystems":false},"in2DMode":false,"pivot":{"x":3.874086380004883,"y":2.3027420043945314,"z":-1.4762994050979615},"rotation":{"x":-0.2041260302066803,"y":0.6255614757537842,"z":-0.17491528391838075,"w":-0.7326588034629822},"size":1.41421377658844,"orthographic":false}