{"cameraMode":{"drawMode":0,"name":"Shaded","section":"Shading Mode"},"sceneLighting":false,"audioPlay":false,"sceneViewState":{"showFog":false,"showMaterialUpdate":false,"showSkybox":false,"showFlares":false,"showImageEffects":false,"showParticleSystems":false},"in2DMode":false,"pivot":{"x":502.086669921875,"y":975.8038330078125,"z":2.2567138671875},"rotation":{"x":-0.0042417896911501888,"y":-0.01740630529820919,"z":-0.001606311067007482,"w":-1.0005844831466675},"size":526.0836181640625,"orthographic":false}