{"cameraMode":{"drawMode":0,"name":"Shaded","section":"Shading Mode"},"sceneLighting":false,"audioPlay":false,"sceneViewState":{"showFog":false,"showMaterialUpdate":false,"showSkybox":false,"showFlares":false,"showImageEffects":false,"showParticleSystems":false},"in2DMode":false,"pivot":{"x":4.9718170166015629,"y":-72.18832397460938,"z":44.92155838012695},"rotation":{"x":0.48602962493896487,"y":-0.012147457338869572,"z":0.007207044400274754,"w":0.8744347095489502},"size":47.84358596801758,"orthographic":false}