{"cameraMode":{"drawMode":0,"name":"Shaded","section":"Shading Mode"},"sceneLighting":true,"audioPlay":false,"sceneViewState":{"showFog":false,"showMaterialUpdate":false,"showSkybox":false,"showFlares":false,"showImageEffects":false,"showParticleSystems":false},"in2DMode":false,"pivot":{"x":-1.0514874458312989,"y":1.2457923889160157,"z":0.9991713762283325},"rotation":{"x":-0.3846309781074524,"y":-0.24021904170513154,"z":0.09471061080694199,"w":-0.8873064517974854},"size":2.9784045219421388,"orthographic":false}