{"cameraMode":{"drawMode":0,"name":"Shaded","section":"Shading Mode"},"sceneLighting":false,"audioPlay":false,"sceneViewState":{"showFog":false,"showMaterialUpdate":false,"showSkybox":false,"showFlares":false,"showImageEffects":false,"showParticleSystems":false},"in2DMode":false,"pivot":{"x":0.1567373275756836,"y":2.1027398109436037,"z":-6.787568092346191},"rotation":{"x":-0.04205302149057388,"y":0.7589314579963684,"z":-0.04771504923701286,"w":-0.6487144231796265},"size":6.710615158081055,"orthographic":false}