{"cameraMode":{"drawMode":0,"name":"Shaded","section":"Shading Mode"},"sceneLighting":false,"audioPlay":false,"sceneViewState":{"showFog":false,"showMaterialUpdate":false,"showSkybox":false,"showFlares":false,"showImageEffects":false,"showParticleSystems":false},"in2DMode":false,"pivot":{"x":0.002015333389863372,"y":-0.06410178542137146,"z":-0.013670416548848153},"rotation":{"x":-0.10535624623298645,"y":0.03310491144657135,"z":-0.0035168284084647896,"w":-0.9938920736312866},"size":1.2192009687423707,"orthographic":false}