{"cameraMode":{"drawMode":0,"name":"Shaded","section":"Shading Mode"},"sceneLighting":true,"audioPlay":false,"sceneViewState":{"showFog":false,"showMaterialUpdate":false,"showSkybox":false,"showFlares":false,"showImageEffects":false,"showParticleSystems":false},"in2DMode":false,"pivot":{"x":1.8894526958465577,"y":-0.2785877585411072,"z":49.80803680419922},"rotation":{"x":-0.16649122536182404,"y":-0.052931126207113269,"z":0.008696425706148148,"w":-0.9851429462432861},"size":1.6313412189483643,"orthographic":false}