{"cameraMode":{"drawMode":0,"name":"Shaded","section":"Shading Mode"},"sceneLighting":false,"audioPlay":false,"sceneViewState":{"showFog":false,"showMaterialUpdate":false,"showSkybox":false,"showFlares":false,"showImageEffects":false,"showParticleSystems":false},"in2DMode":false,"pivot":{"x":0.11872607469558716,"y":0.5389516353607178,"z":0.18091534078121186},"rotation":{"x":-0.5781717896461487,"y":-0.07908716052770615,"z":0.055836793035268787,"w":-0.8106306791305542},"size":0.5848747491836548,"orthographic":false}