{"cameraMode":{"drawMode":0,"name":"Shaded","section":"Shading Mode"},"sceneLighting":true,"audioPlay":false,"sceneViewState":{"showFog":false,"showMaterialUpdate":false,"showSkybox":false,"showFlares":false,"showImageEffects":false,"showParticleSystems":false},"in2DMode":false,"pivot":{"x":-1.4861876964569092,"y":0.48476219177246096,"z":0.09617209434509278},"rotation":{"x":-0.47468671202659609,"y":-0.23688450455665589,"z":0.12365099787712097,"w":-0.8397641181945801},"size":2.9784045219421388,"orthographic":false}