{"cameraMode":{"drawMode":0,"name":"Shaded","section":"Shading Mode"},"sceneLighting":false,"audioPlay":false,"sceneViewState":{"showFog":false,"showMaterialUpdate":false,"showSkybox":false,"showFlares":false,"showImageEffects":false,"showParticleSystems":false},"in2DMode":false,"pivot":{"x":-0.20356214046478272,"y":-0.08729584515094757,"z":-0.9458020925521851},"rotation":{"x":0.4671224355697632,"y":-0.17017558217048646,"z":0.09366107732057572,"w":0.8633643984794617},"size":1.4128690958023072,"orthographic":false}