{"cameraMode":{"drawMode":0,"name":"Shaded","section":"Shading Mode"},"sceneLighting":false,"audioPlay":false,"sceneViewState":{"showFog":false,"showMaterialUpdate":false,"showSkybox":false,"showFlares":false,"showImageEffects":false,"showParticleSystems":false},"in2DMode":false,"pivot":{"x":-0.4036295413970947,"y":1.8365705013275147,"z":-0.574936032295227},"rotation":{"x":0.22127550840377809,"y":0.18249210715293885,"z":-0.04205954819917679,"w":0.9574118256568909},"size":0.3192008435726166,"orthographic":false}