{"cameraMode":{"drawMode":0,"name":"Shaded","section":"Shading Mode"},"sceneLighting":true,"audioPlay":false,"sceneViewState":{"showFog":false,"showMaterialUpdate":false,"showSkybox":false,"showFlares":false,"showImageEffects":false,"showParticleSystems":false},"in2DMode":false,"pivot":{"x":0.11583858728408814,"y":2.1264939308166506,"z":0.9039543271064758},"rotation":{"x":-0.28471171855926516,"y":-0.012449424713850022,"z":0.004163610283285379,"w":-0.9589715003967285},"size":2.8349215984344484,"orthographic":false}