{"cameraMode":{"drawMode":0,"name":"Shaded","section":"Shading Mode"},"sceneLighting":true,"audioPlay":false,"sceneViewState":{"showFog":false,"showMaterialUpdate":false,"showSkybox":false,"showFlares":false,"showImageEffects":false,"showParticleSystems":false},"in2DMode":false,"pivot":{"x":398.0647888183594,"y":1155.5223388671875,"z":-732.1182861328125},"rotation":{"x":0.07134322822093964,"y":0.016062919050455095,"z":-0.0029050330631434919,"w":0.997769296169281},"size":522.8942260742188,"orthographic":false}