{"cameraMode":{"drawMode":0,"name":"Shaded","section":"Shading Mode"},"sceneLighting":true,"audioPlay":false,"sceneViewState":{"showFog":false,"showMaterialUpdate":false,"showSkybox":false,"showFlares":false,"showImageEffects":false,"showParticleSystems":false},"in2DMode":false,"pivot":{"x":-3.358501434326172,"y":-2.7844176292419435,"z":1.8660497665405274},"rotation":{"x":0.2990497946739197,"y":-0.5273972749710083,"z":0.2052028775215149,"w":0.768426239490509},"size":5.61955451965332,"orthographic":false}