{"cameraMode":{"drawMode":0,"name":"Shaded","section":"Shading Mode"},"sceneLighting":true,"audioPlay":false,"sceneViewState":{"showFog":false,"showMaterialUpdate":false,"showSkybox":false,"showFlares":false,"showImageEffects":false,"showParticleSystems":false},"in2DMode":false,"pivot":{"x":3.9107322692871095,"y":-7.078126430511475,"z":-9.3751859664917},"rotation":{"x":-0.058536555618047717,"y":-0.9417475461959839,"z":0.28471332788467409,"w":-0.17438730597496034},"size":6.898231506347656,"orthographic":false}