{"cameraMode":{"drawMode":0,"name":"Shaded","section":"Shading Mode"},"sceneLighting":true,"audioPlay":false,"sceneViewState":{"showFog":false,"showMaterialUpdate":false,"showSkybox":false,"showFlares":false,"showImageEffects":false,"showParticleSystems":false},"in2DMode":false,"pivot":{"x":-0.31685712933540347,"y":-4.149989128112793,"z":1.9364866018295289},"rotation":{"x":-0.47258368134498598,"y":-0.026071446016430856,"z":0.011618556454777718,"w":-0.8816024661064148},"size":5.24404764175415,"orthographic":false}