{"cameraMode":{"drawMode":0,"name":"Shaded","section":"Shading Mode"},"sceneLighting":false,"audioPlay":false,"sceneViewState":{"showFog":false,"showMaterialUpdate":false,"showSkybox":false,"showFlares":false,"showImageEffects":false,"showParticleSystems":false},"in2DMode":false,"pivot":{"x":2.165605068206787,"y":-12.175065040588379,"z":84.37120056152344},"rotation":{"x":-0.09854650497436524,"y":0.03651467710733414,"z":-0.003289072308689356,"w":-0.995000422000885},"size":47.84358596801758,"orthographic":false}