{"cameraMode":{"drawMode":0,"name":"Shaded","section":"Shading Mode"},"sceneLighting":false,"audioPlay":false,"sceneViewState":{"showFog":false,"showMaterialUpdate":false,"showSkybox":false,"showFlares":false,"showImageEffects":false,"showParticleSystems":false},"in2DMode":false,"pivot":{"x":-0.5587546825408936,"y":1.959946870803833,"z":-3.0122439861297609},"rotation":{"x":-0.001453875214792788,"y":-0.9956674575805664,"z":-0.09663069248199463,"w":-0.033948589116334918},"size":3.0320136547088625,"orthographic":false}