{"cameraMode":{"drawMode":0,"name":"Shaded","section":"Shading Mode"},"sceneLighting":false,"audioPlay":false,"sceneViewState":{"showFog":false,"showMaterialUpdate":false,"showSkybox":false,"showFlares":false,"showImageEffects":false,"showParticleSystems":false},"in2DMode":false,"pivot":{"x":-0.16514098644256593,"y":0.34109780192375185,"z":0.005462445318698883},"rotation":{"x":-0.04518021643161774,"y":-0.7390821576118469,"z":0.0493193082511425,"w":-0.6708738207817078},"size":0.5281137228012085,"orthographic":false}