{"cameraMode":{"drawMode":0,"name":"Shaded","section":"Shading Mode"},"sceneLighting":false,"audioPlay":false,"sceneViewState":{"showFog":false,"showMaterialUpdate":false,"showSkybox":false,"showFlares":false,"showImageEffects":false,"showParticleSystems":false},"in2DMode":false,"pivot":{"x":2.9802322387695315e-8,"y":0.5,"z":-5.960464477539063e-8},"rotation":{"x":-0.5847188234329224,"y":-0.009980344213545323,"z":0.007175632286816835,"w":-0.8116187453269959},"size":0.28487464785575869,"orthographic":false}