{"cameraMode":{"drawMode":0,"name":"Shaded","section":"Shading Mode"},"sceneLighting":false,"audioPlay":false,"sceneViewState":{"showFog":false,"showMaterialUpdate":false,"showSkybox":false,"showFlares":false,"showImageEffects":false,"showParticleSystems":false},"in2DMode":false,"pivot":{"x":-1.3033961057662964,"y":-36.92559814453125,"z":91.61625671386719},"rotation":{"x":-0.19048994779586793,"y":0.04046615958213806,"z":-0.007533107418566942,"w":-0.9813767075538635},"size":68.03839874267578,"orthographic":false}