{"cameraMode":{"drawMode":0,"name":"Shaded","section":"Shading Mode"},"sceneLighting":true,"audioPlay":false,"sceneViewState":{"showFog":false,"showMaterialUpdate":false,"showSkybox":false,"showFlares":false,"showImageEffects":false,"showParticleSystems":false},"in2DMode":false,"pivot":{"x":-0.31901878118515017,"y":2.0434086322784426,"z":-0.25500673055648806},"rotation":{"x":-0.5320005416870117,"y":-0.002997355768457055,"z":-0.008675896562635899,"w":-0.8478208780288696},"size":2.551990509033203,"orthographic":false}