{"cameraMode":{"drawMode":0,"name":"Shaded","section":"Shading Mode"},"sceneLighting":false,"audioPlay":false,"sceneViewState":{"showFog":false,"showMaterialUpdate":false,"showSkybox":false,"showFlares":false,"showImageEffects":false,"showParticleSystems":false},"in2DMode":false,"pivot":{"x":-1.97904372215271,"y":-9.824655532836914,"z":1.0102994441986085},"rotation":{"x":-0.338373601436615,"y":0.6081628799438477,"z":-0.3192141056060791,"w":-0.6439114212989807},"size":12.07759952545166,"orthographic":false}