{"cameraMode":{"drawMode":0,"name":"Shaded","section":"Shading Mode"},"sceneLighting":false,"audioPlay":false,"sceneViewState":{"showFog":false,"showMaterialUpdate":false,"showSkybox":false,"showFlares":false,"showImageEffects":false,"showParticleSystems":false},"in2DMode":false,"pivot":{"x":8.910168647766114,"y":-3.617786169052124,"z":-119.9323501586914},"rotation":{"x":-0.11289612203836441,"y":-0.7409509420394898,"z":0.12894955277442933,"w":-0.6495771408081055},"size":10.195998191833496,"orthographic":false}