{"cameraMode":{"drawMode":0,"name":"Shaded","section":"Shading Mode"},"sceneLighting":false,"audioPlay":false,"sceneViewState":{"showFog":false,"showMaterialUpdate":false,"showSkybox":false,"showFlares":false,"showImageEffects":false,"showParticleSystems":false},"in2DMode":false,"pivot":{"x":1.2249675989151,"y":0.15669132769107819,"z":-1.365510106086731},"rotation":{"x":-0.10535624623298645,"y":0.03310491144657135,"z":-0.0035168284084647896,"w":-0.9938920736312866},"size":0.4937375783920288,"orthographic":false}