{"cameraMode":{"drawMode":0,"name":"Shaded","section":"Shading Mode"},"sceneLighting":true,"audioPlay":false,"sceneViewState":{"showFog":false,"showMaterialUpdate":false,"showSkybox":false,"showFlares":false,"showImageEffects":false,"showParticleSystems":false},"in2DMode":false,"pivot":{"x":1.457453727722168,"y":2.9487247467041017,"z":21.752309799194337},"rotation":{"x":0.14424704015254975,"y":0.07931307703256607,"z":-0.009118646383285523,"w":0.9871084094047546},"size":18.826486587524415,"orthographic":false}