{"cameraMode":{"drawMode":0,"name":"Shaded","section":"Shading Mode"},"sceneLighting":false,"audioPlay":false,"sceneViewState":{"showFog":false,"showMaterialUpdate":false,"showSkybox":false,"showFlares":false,"showImageEffects":false,"showParticleSystems":false},"in2DMode":false,"pivot":{"x":-1.5938689708709717,"y":0.4749269485473633,"z":-0.020604224875569345},"rotation":{"x":-0.011575262062251568,"y":-0.7022018432617188,"z":0.010926206596195698,"w":-0.7123531103134155},"size":0.5281137228012085,"orthographic":false}