{"cameraMode":{"drawMode":0,"name":"Shaded","section":"Shading Mode"},"sceneLighting":true,"audioPlay":false,"sceneViewState":{"showFog":false,"showMaterialUpdate":false,"showSkybox":false,"showFlares":false,"showImageEffects":false,"showParticleSystems":false},"in2DMode":false,"pivot":{"x":-1.8479068279266358,"y":-2.3633337020874025,"z":5.242212295532227},"rotation":{"x":-0.2835143506526947,"y":0.05822457745671272,"z":-0.02603616565465927,"w":-0.9578519463539124},"size":10.920249938964844,"orthographic":false}