{"cameraMode":{"drawMode":0,"name":"Shaded","section":"Shading Mode"},"sceneLighting":true,"audioPlay":false,"sceneViewState":{"showFog":false,"showMaterialUpdate":false,"showSkybox":false,"showFlares":false,"showImageEffects":false,"showParticleSystems":false},"in2DMode":false,"pivot":{"x":18.455829620361329,"y":-16.91419219970703,"z":-28.210161209106447},"rotation":{"x":0.2564275562763214,"y":0.6726527810096741,"z":-0.2696889638900757,"w":0.6395811438560486},"size":18.46974754333496,"orthographic":false}