{"cameraMode":{"drawMode":0,"name":"Shaded","section":"Shading Mode"},"sceneLighting":false,"audioPlay":false,"sceneViewState":{"showFog":false,"showMaterialUpdate":false,"showSkybox":false,"showFlares":false,"showImageEffects":false,"showParticleSystems":false},"in2DMode":false,"pivot":{"x":0.7685863375663757,"y":0.7502316832542419,"z":0.14711448550224305},"rotation":{"x":0.13269375264644624,"y":-0.48555341362953188,"z":0.07508880645036698,"w":0.8612231612205505},"size":0.6665185689926148,"orthographic":false}