{"cameraMode":{"drawMode":0,"name":"Shaded","section":"Shading Mode"},"sceneLighting":false,"audioPlay":false,"sceneViewState":{"showFog":false,"showMaterialUpdate":false,"showSkybox":false,"showFlares":false,"showImageEffects":false,"showParticleSystems":false},"in2DMode":false,"pivot":{"x":-0.29322659969329836,"y":3.392763376235962,"z":-1.5250823497772217},"rotation":{"x":-0.6543145775794983,"y":-0.0012437765253707767,"z":0.00033833071938715875,"w":-0.7564729452133179},"size":1.41421377658844,"orthographic":false}