{"cameraMode":{"drawMode":0,"name":"Shaded","section":"Shading Mode"},"sceneLighting":true,"audioPlay":false,"sceneViewState":{"showFog":false,"showMaterialUpdate":false,"showSkybox":false,"showFlares":false,"showImageEffects":false,"showParticleSystems":false},"in2DMode":false,"pivot":{"x":-1.664578914642334,"y":4.561061382293701,"z":194.65245056152345},"rotation":{"x":-0.3143480122089386,"y":-0.6488664150238037,"z":0.3368256092071533,"w":-0.6055657863616943},"size":1.459316372871399,"orthographic":false}