{"cameraMode":{"drawMode":0,"name":"Shaded","section":"Shading Mode"},"sceneLighting":false,"audioPlay":false,"sceneViewState":{"showFog":false,"showMaterialUpdate":false,"showSkybox":false,"showFlares":false,"showImageEffects":false,"showParticleSystems":false},"in2DMode":false,"pivot":{"x":-0.08833381533622742,"y":0.6648604869842529,"z":-1.6467591524124146},"rotation":{"x":0.20734958350658418,"y":0.05363592877984047,"z":-0.011313342489302159,"w":0.977074146270752},"size":0.3192008435726166,"orthographic":false}