{"cameraMode":{"drawMode":0,"name":"Shaded","section":"Shading Mode"},"sceneLighting":false,"audioPlay":false,"sceneViewState":{"showFog":false,"showMaterialUpdate":false,"showSkybox":false,"showFlares":false,"showImageEffects":false,"showParticleSystems":false},"in2DMode":false,"pivot":{"x":2.3481221199035646,"y":-0.4089784324169159,"z":0.9473185539245606},"rotation":{"x":0.18068720400333405,"y":-0.6471254229545593,"z":0.16250523924827577,"w":0.7229366302490234},"size":5.942160129547119,"orthographic":false}