{"cameraMode":{"drawMode":0,"name":"Shaded","section":"Shading Mode"},"sceneLighting":true,"audioPlay":false,"sceneViewState":{"showFog":false,"showMaterialUpdate":false,"showSkybox":false,"showFlares":false,"showImageEffects":false,"showParticleSystems":false},"in2DMode":false,"pivot":{"x":0.46660271286964419,"y":-6.403873443603516,"z":10.598386764526368},"rotation":{"x":-0.2964448034763336,"y":0.005020494572818279,"z":-0.00217934581451118,"w":-0.9552578330039978},"size":8.18725872039795,"orthographic":false}