{"cameraMode":{"drawMode":0,"name":"Shaded","section":"Shading Mode"},"sceneLighting":false,"audioPlay":false,"sceneViewState":{"showFog":false,"showMaterialUpdate":false,"showSkybox":false,"showFlares":false,"showImageEffects":false,"showParticleSystems":false},"in2DMode":false,"pivot":{"x":1.5404367446899415,"y":-0.2927885949611664,"z":-0.6365578770637512},"rotation":{"x":0.1143295094370842,"y":0.7043716907501221,"z":-0.11435678601264954,"w":0.6920831203460693},"size":2.960378646850586,"orthographic":false}