{"cameraMode":{"drawMode":0,"name":"Shaded","section":"Shading Mode"},"sceneLighting":false,"audioPlay":false,"sceneViewState":{"showFog":false,"showMaterialUpdate":false,"showSkybox":false,"showFlares":false,"showImageEffects":false,"showParticleSystems":false},"in2DMode":false,"pivot":{"x":6.46999979019165,"y":1.6599998474121094,"z":9.130001068115235},"rotation":{"x":-0.2105019986629486,"y":0.12250729650259018,"z":-0.025821032002568246,"w":-0.9699788689613342},"size":0.36742329597473147,"orthographic":false}