{"cameraMode":{"drawMode":0,"name":"Shaded","section":"Shading Mode"},"sceneLighting":false,"audioPlay":false,"sceneViewState":{"showFog":false,"showMaterialUpdate":false,"showSkybox":false,"showFlares":false,"showImageEffects":false,"showParticleSystems":false},"in2DMode":false,"pivot":{"x":0.16005811095237733,"y":0.6319427490234375,"z":-0.11470496654510498},"rotation":{"x":-0.50401371717453,"y":0.013470063917338848,"z":-0.00786176510155201,"w":-0.8635554313659668},"size":1.207395076751709,"orthographic":false}