{"cameraMode":{"drawMode":0,"name":"Shaded","section":"Shading Mode"},"sceneLighting":false,"audioPlay":false,"sceneViewState":{"showFog":false,"showMaterialUpdate":false,"showSkybox":false,"showFlares":false,"showImageEffects":false,"showParticleSystems":false},"in2DMode":false,"pivot":{"x":1.9420417547225953,"y":2.5660994052886965,"z":3.8803317546844484},"rotation":{"x":-0.1973421424627304,"y":0.025500737130641938,"z":-0.004507570527493954,"w":-0.9804373979568481},"size":9.132219314575196,"orthographic":false}