{"cameraMode":{"drawMode":0,"name":"Shaded","section":"Shading Mode"},"sceneLighting":true,"audioPlay":false,"sceneViewState":{"showFog":false,"showMaterialUpdate":false,"showSkybox":false,"showFlares":false,"showImageEffects":false,"showParticleSystems":false},"in2DMode":false,"pivot":{"x":-1.2753686904907227,"y":5.784117221832275,"z":-2.8765854835510256},"rotation":{"x":-0.2785610258579254,"y":0.030730601400136949,"z":-0.008904806338250637,"w":-0.9603685140609741},"size":5.049752235412598,"orthographic":false}