{"cameraMode":{"drawMode":0,"name":"Shaded","section":"Shading Mode"},"sceneLighting":true,"audioPlay":false,"sceneViewState":{"showFog":false,"showMaterialUpdate":false,"showSkybox":false,"showFlares":false,"showImageEffects":false,"showParticleSystems":false},"in2DMode":false,"pivot":{"x":3.204364776611328,"y":7.610176086425781,"z":19.701034545898439},"rotation":{"x":0.09249241650104523,"y":0.17362810671329499,"z":-0.014151638373732567,"w":0.9811463356018066},"size":18.826486587524415,"orthographic":false}