{"cameraMode":{"drawMode":0,"name":"Shaded","section":"Shading Mode"},"sceneLighting":false,"audioPlay":false,"sceneViewState":{"showFog":false,"showMaterialUpdate":false,"showSkybox":false,"showFlares":false,"showImageEffects":false,"showParticleSystems":false},"in2DMode":false,"pivot":{"x":0.6401407718658447,"y":0.5695550441741943,"z":-0.09148315340280533},"rotation":{"x":0.19446146488189698,"y":-0.2412891685962677,"z":0.04964449629187584,"w":0.9502961039543152},"size":2.9593193531036379,"orthographic":false}