{"cameraMode":{"drawMode":0,"name":"Shaded","section":"Shading Mode"},"sceneLighting":false,"audioPlay":false,"sceneViewState":{"showFog":false,"showMaterialUpdate":false,"showSkybox":false,"showFlares":false,"showImageEffects":false,"showParticleSystems":false},"in2DMode":false,"pivot":{"x":-73.67770385742188,"y":-91.3055648803711,"z":3.286457061767578},"rotation":{"x":-0.3025606870651245,"y":0.6256598830223084,"z":-0.28658241033554079,"w":-0.6602750420570374},"size":68.03839874267578,"orthographic":false}