{"cameraMode":{"drawMode":0,"name":"Shaded","section":"Shading Mode"},"sceneLighting":false,"audioPlay":false,"sceneViewState":{"showFog":false,"showMaterialUpdate":false,"showSkybox":false,"showFlares":false,"showImageEffects":false,"showParticleSystems":false},"in2DMode":false,"pivot":{"x":-0.47934091091156008,"y":1.1500052213668824,"z":0.4281557500362396},"rotation":{"x":-0.04740680381655693,"y":0.7625405788421631,"z":0.056877776980400088,"w":0.6430985331535339},"size":0.9874752759933472,"orthographic":false}