{"cameraMode":{"drawMode":0,"name":"Shaded","section":"Shading Mode"},"sceneLighting":false,"audioPlay":false,"sceneViewState":{"showFog":false,"showMaterialUpdate":false,"showSkybox":false,"showFlares":false,"showImageEffects":false,"showParticleSystems":false},"in2DMode":false,"pivot":{"x":-0.6691237092018127,"y":0.19358350336551667,"z":10.931303977966309},"rotation":{"x":0.008553627878427506,"y":0.9819162487983704,"z":-0.18507687747478486,"w":0.043940093368291858},"size":0.8716980814933777,"orthographic":false}