{"cameraMode":{"drawMode":0,"name":"Shaded","section":"Shading Mode"},"sceneLighting":true,"audioPlay":false,"sceneViewState":{"showFog":false,"showMaterialUpdate":false,"showSkybox":false,"showFlares":false,"showImageEffects":false,"showParticleSystems":false},"in2DMode":false,"pivot":{"x":579.7686767578125,"y":937.1116333007813,"z":117.74459075927735},"rotation":{"x":0.0026898530777543785,"y":-0.012302765622735024,"z":-0.00003313636261736974,"w":-0.9999226331710815},"size":959.3483276367188,"orthographic":false}