{"cameraMode":{"drawMode":0,"name":"Shaded","section":"Shading Mode"},"sceneLighting":true,"audioPlay":false,"sceneViewState":{"showFog":false,"showMaterialUpdate":false,"showSkybox":false,"showFlares":false,"showImageEffects":false,"showParticleSystems":false},"in2DMode":false,"pivot":{"x":-1.1701711416244507,"y":-11.629210472106934,"z":11.581658363342286},"rotation":{"x":-0.4109598398208618,"y":0.002717769704759121,"z":-0.0015680051874369383,"w":-0.9121356010437012},"size":10.0,"orthographic":false}