{"cameraMode":{"drawMode":0,"name":"Shaded","section":"Shading Mode"},"sceneLighting":false,"audioPlay":false,"sceneViewState":{"showFog":false,"showMaterialUpdate":false,"showSkybox":false,"showFlares":false,"showImageEffects":false,"showParticleSystems":false},"in2DMode":false,"pivot":{"x":0.07459421455860138,"y":0.42288094758987429,"z":-1.8638910055160523},"rotation":{"x":0.5576690435409546,"y":-0.4408552050590515,"z":0.49912020564079287,"w":0.49703076481819155},"size":2.1575164794921877,"orthographic":false}