{"cameraMode":{"drawMode":0,"name":"Shaded","section":"Shading Mode"},"sceneLighting":false,"audioPlay":false,"sceneViewState":{"showFog":false,"showMaterialUpdate":false,"showSkybox":false,"showFlares":false,"showImageEffects":false,"showParticleSystems":false},"in2DMode":false,"pivot":{"x":0.26751708984375,"y":0.528564989566803,"z":1.7133033275604249},"rotation":{"x":0.09976182878017426,"y":-0.8252301216125488,"z":0.15404632687568665,"w":0.5348132848739624},"size":1.268499493598938,"orthographic":false}