{"cameraMode":{"drawMode":0,"name":"Shaded","section":"Shading Mode"},"sceneLighting":true,"audioPlay":false,"sceneViewState":{"showFog":false,"showMaterialUpdate":false,"showSkybox":false,"showFlares":false,"showImageEffects":false,"showParticleSystems":false},"in2DMode":false,"pivot":{"x":-5.626630783081055,"y":-0.41388416290283205,"z":23.01017189025879},"rotation":{"x":0.12538276612758637,"y":-0.7801756262779236,"z":0.16515788435935975,"w":0.5907337665557861},"size":9.323432922363282,"orthographic":false}