{"cameraMode":{"drawMode":0,"name":"Shaded","section":"Shading Mode"},"sceneLighting":false,"audioPlay":false,"sceneViewState":{"showFog":false,"showMaterialUpdate":false,"showSkybox":false,"showFlares":false,"showImageEffects":false,"showParticleSystems":false},"in2DMode":false,"pivot":{"x":0.7965977787971497,"y":0.30628126859664919,"z":2.855583906173706},"rotation":{"x":0.05423007160425186,"y":0.6606312990188599,"z":-0.045542847365140918,"w":0.7482129335403442},"size":1.180189609527588,"orthographic":false}