{"cameraMode":{"drawMode":0,"name":"Shaded","section":"Shading Mode"},"sceneLighting":true,"audioPlay":false,"sceneViewState":{"showFog":false,"showMaterialUpdate":false,"showSkybox":false,"showFlares":false,"showImageEffects":false,"showParticleSystems":false},"in2DMode":false,"pivot":{"x":-1.983294129371643,"y":3.144890069961548,"z":38.62822723388672},"rotation":{"x":0.013726583682000637,"y":0.09554222226142883,"z":0.0013228870229795576,"w":-0.9953432679176331},"size":4.159318447113037,"orthographic":false}