{"cameraMode":{"drawMode":0,"name":"Shaded","section":"Shading Mode"},"sceneLighting":true,"audioPlay":false,"sceneViewState":{"showFog":false,"showMaterialUpdate":false,"showSkybox":false,"showFlares":false,"showImageEffects":false,"showParticleSystems":false},"in2DMode":false,"pivot":{"x":-0.14087922871112824,"y":-8.37108039855957,"z":-106.89800262451172},"rotation":{"x":0.3597424626350403,"y":-0.007570836693048477,"z":0.00377389183267951,"w":0.9335816502571106},"size":10.195998191833496,"orthographic":false}