{"cameraMode":{"drawMode":0,"name":"Shaded","section":"Shading Mode"},"sceneLighting":false,"audioPlay":false,"sceneViewState":{"showFog":false,"showMaterialUpdate":false,"showSkybox":false,"showFlares":false,"showImageEffects":false,"showParticleSystems":false},"in2DMode":false,"pivot":{"x":-0.4323103129863739,"y":2.9802322387695315e-8,"z":-0.014604806900024414},"rotation":{"x":0.2052687704563141,"y":-0.33136260509490969,"z":0.07433260977268219,"w":0.9187500476837158},"size":1.329769492149353,"orthographic":false}