{"cameraMode":{"drawMode":0,"name":"Shaded","section":"Shading Mode"},"sceneLighting":true,"audioPlay":false,"sceneViewState":{"showFog":false,"showMaterialUpdate":false,"showSkybox":false,"showFlares":false,"showImageEffects":false,"showParticleSystems":false},"in2DMode":false,"pivot":{"x":2.466266632080078,"y":5.205828666687012,"z":-6.454584121704102},"rotation":{"x":0.3199273943901062,"y":-0.265350878238678,"z":0.09383060783147812,"w":0.9046791195869446},"size":0.000017335431039100513,"orthographic":false}