{"cameraMode":{"drawMode":0,"name":"Shaded","section":"Shading Mode"},"sceneLighting":false,"audioPlay":false,"sceneViewState":{"showFog":false,"showMaterialUpdate":false,"showSkybox":false,"showFlares":false,"showImageEffects":false,"showParticleSystems":false},"in2DMode":false,"pivot":{"x":-82.76676177978516,"y":-95.45538330078125,"z":2.1563076972961427},"rotation":{"x":-0.29522979259490969,"y":0.6364838480949402,"z":-0.28790444135665896,"w":-0.6526367664337158},"size":70.95614624023438,"orthographic":false}