{"cameraMode":{"drawMode":0,"name":"Shaded","section":"Shading Mode"},"sceneLighting":false,"audioPlay":false,"sceneViewState":{"showFog":false,"showMaterialUpdate":false,"showSkybox":false,"showFlares":false,"showImageEffects":false,"showParticleSystems":false},"in2DMode":false,"pivot":{"x":411.3105773925781,"y":1576.711181640625,"z":817.553955078125},"rotation":{"x":-0.006740740034729242,"y":0.9842984676361084,"z":-0.17544420063495637,"w":-0.034669794142246249},"size":438.56475830078127,"orthographic":false}