{"cameraMode":{"drawMode":0,"name":"Shaded","section":"Shading Mode"},"sceneLighting":true,"audioPlay":false,"sceneViewState":{"showFog":false,"showMaterialUpdate":false,"showSkybox":false,"showFlares":false,"showImageEffects":false,"showParticleSystems":false},"in2DMode":false,"pivot":{"x":-12.323012351989746,"y":20.869789123535158,"z":157.22393798828126},"rotation":{"x":0.12996992468833924,"y":-0.2230536788702011,"z":-0.03177778422832489,"w":-0.9663514494895935},"size":17.12554931640625,"orthographic":false}