{"cameraMode":{"drawMode":0,"name":"Shaded","section":"Shading Mode"},"sceneLighting":true,"audioPlay":false,"sceneViewState":{"showFog":false,"showMaterialUpdate":false,"showSkybox":false,"showFlares":false,"showImageEffects":false,"showParticleSystems":false},"in2DMode":false,"pivot":{"x":1.6100000143051148,"y":0.6202812194824219,"z":311.2881164550781},"rotation":{"x":-0.03257071226835251,"y":0.1614997535943985,"z":-0.005330798681825399,"w":-0.9863395094871521},"size":3.6194396018981935,"orthographic":false}