{"cameraMode":{"drawMode":0,"name":"Shaded","section":"Shading Mode"},"sceneLighting":false,"audioPlay":false,"sceneViewState":{"showFog":false,"showMaterialUpdate":false,"showSkybox":false,"showFlares":false,"showImageEffects":false,"showParticleSystems":false},"in2DMode":false,"pivot":{"x":0.05436088144779205,"y":-0.4941462576389313,"z":3.231306791305542},"rotation":{"x":-0.007527751848101616,"y":-0.9816713333129883,"z":0.19518867135047913,"w":0.008915824815630913},"size":1.0519907474517823,"orthographic":false}