{"cameraMode":{"drawMode":0,"name":"Shaded","section":"Shading Mode"},"sceneLighting":false,"audioPlay":false,"sceneViewState":{"showFog":false,"showMaterialUpdate":false,"showSkybox":false,"showFlares":false,"showImageEffects":false,"showParticleSystems":false},"in2DMode":false,"pivot":{"x":-0.6924009323120117,"y":0.5377308130264282,"z":-2.0979583263397219},"rotation":{"x":-0.013415927067399025,"y":-0.8392857909202576,"z":0.016715381294488908,"w":-0.5446521639823914},"size":2.1575164794921877,"orthographic":false}