{"cameraMode":{"drawMode":0,"name":"Shaded","section":"Shading Mode"},"sceneLighting":false,"audioPlay":false,"sceneViewState":{"showFog":false,"showMaterialUpdate":false,"showSkybox":false,"showFlares":false,"showImageEffects":false,"showParticleSystems":false},"in2DMode":false,"pivot":{"x":3.288815498352051,"y":-0.4661880135536194,"z":0.2296290099620819},"rotation":{"x":0.0754210576415062,"y":0.6441402435302734,"z":-0.06394901126623154,"w":0.7589791417121887},"size":2.583200216293335,"orthographic":false}