{"cameraMode":{"drawMode":0,"name":"Shaded","section":"Shading Mode"},"sceneLighting":false,"audioPlay":false,"sceneViewState":{"showFog":false,"showMaterialUpdate":false,"showSkybox":false,"showFlares":false,"showImageEffects":false,"showParticleSystems":false},"in2DMode":false,"pivot":{"x":-2.886491060256958,"y":-1.1835594177246094,"z":2.560997247695923},"rotation":{"x":0.1903957724571228,"y":-0.3787599503993988,"z":0.0801481306552887,"w":0.9030117988586426},"size":2.9593193531036379,"orthographic":false}