{"cameraMode":{"drawMode":0,"name":"Shaded","section":"Shading Mode"},"sceneLighting":false,"audioPlay":false,"sceneViewState":{"showFog":false,"showMaterialUpdate":false,"showSkybox":false,"showFlares":false,"showImageEffects":false,"showParticleSystems":false},"in2DMode":false,"pivot":{"x":3.2746715545654299,"y":-2.4987988471984865,"z":0.882557213306427},"rotation":{"x":0.24098405241966248,"y":0.5088073015213013,"z":-0.1485508382320404,"w":0.8138163089752197},"size":5.292271614074707,"orthographic":false}