{"cameraMode":{"drawMode":0,"name":"Shaded","section":"Shading Mode"},"sceneLighting":false,"audioPlay":false,"sceneViewState":{"showFog":false,"showMaterialUpdate":false,"showSkybox":false,"showFlares":false,"showImageEffects":false,"showParticleSystems":false},"in2DMode":false,"pivot":{"x":-0.34270161390304568,"y":-2.110684633255005,"z":-0.06256720423698425},"rotation":{"x":0.6536036133766174,"y":0.018099302425980569,"z":-0.008018773049116135,"w":0.7577833533287048},"size":3.0320136547088625,"orthographic":false}