{"cameraMode":{"drawMode":0,"name":"Shaded","section":"Shading Mode"},"sceneLighting":false,"audioPlay":false,"sceneViewState":{"showFog":false,"showMaterialUpdate":false,"showSkybox":false,"showFlares":false,"showImageEffects":false,"showParticleSystems":false},"in2DMode":false,"pivot":{"x":-0.07074528932571411,"y":0.030773162841796876,"z":-0.2532467842102051},"rotation":{"x":0.4388176202774048,"y":0.14665883779525758,"z":-0.07287132740020752,"w":0.8839197158813477},"size":1.8384017944335938,"orthographic":false}