{"cameraMode":{"drawMode":0,"name":"Shaded","section":"Shading Mode"},"sceneLighting":false,"audioPlay":false,"sceneViewState":{"showFog":false,"showMaterialUpdate":false,"showSkybox":false,"showFlares":false,"showImageEffects":false,"showParticleSystems":false},"in2DMode":false,"pivot":{"x":-1.0533374547958375,"y":0.9621216058731079,"z":0.011251483112573624},"rotation":{"x":0.045876454561948779,"y":0.6337093114852905,"z":-0.03724459186196327,"w":0.771658182144165},"size":0.9409807920455933,"orthographic":false}