{"cameraMode":{"drawMode":0,"name":"Shaded","section":"Shading Mode"},"sceneLighting":true,"audioPlay":false,"sceneViewState":{"showFog":false,"showMaterialUpdate":false,"showSkybox":false,"showFlares":false,"showImageEffects":false,"showParticleSystems":false},"in2DMode":false,"pivot":{"x":-1.6391189098358155,"y":0.9200004935264587,"z":-10.117891311645508},"rotation":{"x":-0.00009860018326435238,"y":-0.9832465648651123,"z":0.18596477806568147,"w":0.013155636377632618},"size":10.369211196899414,"orthographic":false}