{"cameraMode":{"drawMode":0,"name":"Shaded","section":"Shading Mode"},"sceneLighting":false,"audioPlay":false,"sceneViewState":{"showFog":false,"showMaterialUpdate":false,"showSkybox":false,"showFlares":false,"showImageEffects":false,"showParticleSystems":false},"in2DMode":false,"pivot":{"x":0.6494787931442261,"y":0.6771364808082581,"z":1.0931415557861329},"rotation":{"x":0.05261902138590813,"y":-0.9210165739059448,"z":0.13357138633728028,"w":0.3630860149860382},"size":0.9684996008872986,"orthographic":false}