{"cameraMode":{"drawMode":0,"name":"Shaded","section":"Shading Mode"},"sceneLighting":false,"audioPlay":false,"sceneViewState":{"showFog":false,"showMaterialUpdate":false,"showSkybox":false,"showFlares":false,"showImageEffects":false,"showParticleSystems":false},"in2DMode":false,"pivot":{"x":51.293148040771487,"y":-67.82990264892578,"z":-2.9569904804229738},"rotation":{"x":0.29855015873908999,"y":0.6527689099311829,"z":-0.3136756718158722,"w":0.6224422454833984},"size":47.84358596801758,"orthographic":false}