{"cameraMode":{"drawMode":0,"name":"Shaded","section":"Shading Mode"},"sceneLighting":true,"audioPlay":false,"sceneViewState":{"showFog":false,"showMaterialUpdate":false,"showSkybox":false,"showFlares":false,"showImageEffects":false,"showParticleSystems":false},"in2DMode":false,"pivot":{"x":-18.498804092407228,"y":-9.889331817626954,"z":28.079126358032228},"rotation":{"x":-0.17275501787662507,"y":0.7187522649765015,"z":-0.19067956507205964,"w":-0.6465747356414795},"size":12.037068367004395,"orthographic":false}