{"cameraMode":{"drawMode":0,"name":"Shaded","section":"Shading Mode"},"sceneLighting":false,"audioPlay":false,"sceneViewState":{"showFog":false,"showMaterialUpdate":false,"showSkybox":false,"showFlares":false,"showImageEffects":false,"showParticleSystems":false},"in2DMode":false,"pivot":{"x":0.24419894814491273,"y":0.9735256433486939,"z":0.04615328460931778},"rotation":{"x":0.1391143947839737,"y":-0.665740430355072,"z":0.12726248800754548,"w":0.7224774956703186},"size":0.6665185689926148,"orthographic":false}