{"cameraMode":{"drawMode":0,"name":"Shaded","section":"Shading Mode"},"sceneLighting":false,"audioPlay":false,"sceneViewState":{"showFog":false,"showMaterialUpdate":false,"showSkybox":false,"showFlares":false,"showImageEffects":false,"showParticleSystems":false},"in2DMode":false,"pivot":{"x":-77.24736785888672,"y":-28.432872772216798,"z":-3.0511207580566408},"rotation":{"x":-0.11796579509973526,"y":0.7089648246765137,"z":-0.12154605984687805,"w":-0.6853828430175781},"size":47.84358596801758,"orthographic":false}