{"cameraMode":{"drawMode":0,"name":"Shaded","section":"Shading Mode"},"sceneLighting":true,"audioPlay":false,"sceneViewState":{"showFog":false,"showMaterialUpdate":false,"showSkybox":false,"showFlares":false,"showImageEffects":false,"showParticleSystems":false},"in2DMode":false,"pivot":{"x":-1.325314998626709,"y":2.082576036453247,"z":58.48762512207031},"rotation":{"x":-0.06337463855743408,"y":0.18102607131004334,"z":0.011707710102200508,"w":0.9813894629478455},"size":1.45931875705719,"orthographic":false}