{"cameraMode":{"drawMode":0,"name":"Shaded","section":"Shading Mode"},"sceneLighting":false,"audioPlay":false,"sceneViewState":{"showFog":false,"showMaterialUpdate":false,"showSkybox":false,"showFlares":false,"showImageEffects":false,"showParticleSystems":false},"in2DMode":false,"pivot":{"x":-5.405996799468994,"y":-7.516391754150391,"z":-0.28769075870513918},"rotation":{"x":-0.338373601436615,"y":0.6081628799438477,"z":-0.3192141056060791,"w":-0.6439114212989807},"size":9.132219314575196,"orthographic":false}