{"cameraMode":{"drawMode":0,"name":"Shaded","section":"Shading Mode"},"sceneLighting":false,"audioPlay":false,"sceneViewState":{"showFog":false,"showMaterialUpdate":false,"showSkybox":false,"showFlares":false,"showImageEffects":false,"showParticleSystems":false},"in2DMode":false,"pivot":{"x":-1.132953405380249,"y":0.2624390423297882,"z":-0.2707628309726715},"rotation":{"x":0.07560940831899643,"y":0.6824741363525391,"z":-0.07178367674350739,"w":0.7239559888839722},"size":0.885836124420166,"orthographic":false}