{"cameraMode":{"drawMode":0,"name":"Shaded","section":"Shading Mode"},"sceneLighting":false,"audioPlay":false,"sceneViewState":{"showFog":false,"showMaterialUpdate":false,"showSkybox":false,"showFlares":false,"showImageEffects":false,"showParticleSystems":false},"in2DMode":false,"pivot":{"x":-0.016444701701402665,"y":0.5843910574913025,"z":-0.12875185906887055},"rotation":{"x":-0.5416030287742615,"y":-0.005976764485239983,"z":0.004528164863586426,"w":-0.8410742878913879},"size":0.9254815578460693,"orthographic":false}