{"cameraMode":{"drawMode":0,"name":"Shaded","section":"Shading Mode"},"sceneLighting":true,"audioPlay":false,"sceneViewState":{"showFog":false,"showMaterialUpdate":false,"showSkybox":false,"showFlares":false,"showImageEffects":false,"showParticleSystems":false},"in2DMode":false,"pivot":{"x":-0.5920165181159973,"y":3.0572638511657717,"z":-10.065469741821289},"rotation":{"x":-0.14030493795871736,"y":-0.007578179240226746,"z":0.0011654496192932129,"w":-0.990540087223053},"size":3.391165018081665,"orthographic":false}