{"cameraMode":{"drawMode":0,"name":"Shaded","section":"Shading Mode"},"sceneLighting":true,"audioPlay":false,"sceneViewState":{"showFog":false,"showMaterialUpdate":false,"showSkybox":false,"showFlares":false,"showImageEffects":false,"showParticleSystems":false},"in2DMode":false,"pivot":{"x":0.6067845225334168,"y":-8.796406745910645,"z":20.352142333984376},"rotation":{"x":0.21028754115104676,"y":0.013569832779467106,"z":-0.0028196529019623996,"w":0.9779185056686401},"size":13.526113510131836,"orthographic":false}