{"cameraMode":{"drawMode":0,"name":"Shaded","section":"Shading Mode"},"sceneLighting":false,"audioPlay":false,"sceneViewState":{"showFog":false,"showMaterialUpdate":false,"showSkybox":false,"showFlares":false,"showImageEffects":false,"showParticleSystems":false},"in2DMode":false,"pivot":{"x":-0.204086571931839,"y":2.091766834259033,"z":-1.727294683456421},"rotation":{"x":0.30941009521484377,"y":0.020616162568330766,"z":-0.005097922869026661,"w":0.9513524174690247},"size":0.4213780164718628,"orthographic":false}