{"cameraMode":{"drawMode":0,"name":"Shaded","section":"Shading Mode"},"sceneLighting":false,"audioPlay":false,"sceneViewState":{"showFog":false,"showMaterialUpdate":false,"showSkybox":false,"showFlares":false,"showImageEffects":false,"showParticleSystems":false},"in2DMode":false,"pivot":{"x":0.14876487851142884,"y":-0.6864254474639893,"z":-0.2734329402446747},"rotation":{"x":0.27994686365127566,"y":0.2027186006307602,"z":-0.0584895946085453,"w":0.9373495578765869},"size":2.1575164794921877,"orthographic":false}