{"cameraMode":{"drawMode":0,"name":"Shaded","section":"Shading Mode"},"sceneLighting":false,"audioPlay":false,"sceneViewState":{"showFog":false,"showMaterialUpdate":false,"showSkybox":false,"showFlares":false,"showImageEffects":false,"showParticleSystems":false},"in2DMode":false,"pivot":{"x":0.0,"y":0.44999998807907107,"z":2.9802322387695315e-8},"rotation":{"x":0.047607675194740298,"y":0.7692688703536987,"z":-0.057123057544231418,"w":0.6349973678588867},"size":0.9874752759933472,"orthographic":false}