{"cameraMode":{"drawMode":0,"name":"Shaded","section":"Shading Mode"},"sceneLighting":false,"audioPlay":false,"sceneViewState":{"showFog":false,"showMaterialUpdate":false,"showSkybox":false,"showFlares":false,"showImageEffects":false,"showParticleSystems":false},"in2DMode":false,"pivot":{"x":0.7342150807380676,"y":0.019661612808704377,"z":-1.2904670238494874},"rotation":{"x":0.15004606544971467,"y":0.30876943469047549,"z":-0.047175332903862,"w":0.9388470649719238},"size":2.1575164794921877,"orthographic":false}