{"cameraMode":{"drawMode":0,"name":"Shaded","section":"Shading Mode"},"sceneLighting":false,"audioPlay":false,"sceneViewState":{"showFog":false,"showMaterialUpdate":false,"showSkybox":false,"showFlares":false,"showImageEffects":false,"showParticleSystems":false},"in2DMode":false,"pivot":{"x":0.0021361622493714096,"y":0.5024862289428711,"z":0.007415578700602055},"rotation":{"x":-0.5847188234329224,"y":-0.009980344213545323,"z":0.007175632286816835,"w":-0.8116187453269959},"size":0.8848747611045837,"orthographic":false}