{"cameraMode":{"drawMode":0,"name":"Shaded","section":"Shading Mode"},"sceneLighting":false,"audioPlay":false,"sceneViewState":{"showFog":false,"showMaterialUpdate":false,"showSkybox":false,"showFlares":false,"showImageEffects":false,"showParticleSystems":false},"in2DMode":false,"pivot":{"x":4.172325134277344e-7,"y":-0.13425159454345704,"z":-1.0226280689239503},"rotation":{"x":0.24098405241966248,"y":0.5088073015213013,"z":-0.1485508382320404,"w":0.8138163089752197},"size":2.92360520362854,"orthographic":false}