{"cameraMode":{"drawMode":0,"name":"Shaded","section":"Shading Mode"},"sceneLighting":false,"audioPlay":false,"sceneViewState":{"showFog":false,"showMaterialUpdate":false,"showSkybox":false,"showFlares":false,"showImageEffects":false,"showParticleSystems":false},"in2DMode":false,"pivot":{"x":-0.2550312280654907,"y":-1.619559645652771,"z":14.527901649475098},"rotation":{"x":-0.3571361005306244,"y":0.26243698596954348,"z":-0.1058335229754448,"w":-0.8903694152832031},"size":4.828301906585693,"orthographic":false}