{"cameraMode":{"drawMode":0,"name":"Shaded","section":"Shading Mode"},"sceneLighting":false,"audioPlay":false,"sceneViewState":{"showFog":false,"showMaterialUpdate":false,"showSkybox":false,"showFlares":false,"showImageEffects":false,"showParticleSystems":false},"in2DMode":false,"pivot":{"x":1.5965620279312134,"y":-0.8739725947380066,"z":0.9939284324645996},"rotation":{"x":0.24930532276630402,"y":0.2669319212436676,"z":-0.07127539813518524,"w":0.9285060167312622},"size":2.8399407863616945,"orthographic":false}