{"cameraMode":{"drawMode":0,"name":"Shaded","section":"Shading Mode"},"sceneLighting":false,"audioPlay":false,"sceneViewState":{"showFog":false,"showMaterialUpdate":false,"showSkybox":false,"showFlares":false,"showImageEffects":false,"showParticleSystems":false},"in2DMode":false,"pivot":{"x":3.6192445755004885,"y":-0.2693128287792206,"z":1.1614384651184083},"rotation":{"x":0.03749612346291542,"y":0.5706273317337036,"z":-0.0259656123816967,"w":0.8203957676887512},"size":2.583200216293335,"orthographic":false}