{"cameraMode":{"drawMode":0,"name":"Shaded","section":"Shading Mode"},"sceneLighting":true,"audioPlay":false,"sceneViewState":{"showFog":false,"showMaterialUpdate":false,"showSkybox":false,"showFlares":false,"showImageEffects":false,"showParticleSystems":false},"in2DMode":false,"pivot":{"x":6.018555641174316,"y":2.6609182357788088,"z":4.8972086906433109},"rotation":{"x":0.09199822694063187,"y":0.7075728178024292,"z":-0.08133743703365326,"w":0.6973084211349487},"size":2.8297693729400636,"orthographic":false}