{"cameraMode":{"drawMode":0,"name":"Shaded","section":"Shading Mode"},"sceneLighting":true,"audioPlay":false,"sceneViewState":{"showFog":false,"showMaterialUpdate":false,"showSkybox":false,"showFlares":false,"showImageEffects":false,"showParticleSystems":false},"in2DMode":false,"pivot":{"x":845.3052978515625,"y":1657.0517578125,"z":257.761474609375},"rotation":{"x":-0.0617697648704052,"y":0.0056859999895095829,"z":-0.00035191955976188183,"w":-0.9980757832527161},"size":1107.5640869140625,"orthographic":false}