{"cameraMode":{"drawMode":0,"name":"Shaded","section":"Shading Mode"},"sceneLighting":false,"audioPlay":false,"sceneViewState":{"showFog":false,"showMaterialUpdate":false,"showSkybox":false,"showFlares":false,"showImageEffects":false,"showParticleSystems":false},"in2DMode":false,"pivot":{"x":0.11503633856773377,"y":1.6278355121612549,"z":-1.3925628662109376},"rotation":{"x":0.25723549723625185,"y":-0.011012089438736439,"z":0.003217885736376047,"w":0.9665601253509522},"size":0.940980851650238,"orthographic":false}