{"cameraMode":{"drawMode":0,"name":"Shaded","section":"Shading Mode"},"sceneLighting":false,"audioPlay":false,"sceneViewState":{"showFog":false,"showMaterialUpdate":false,"showSkybox":false,"showFlares":false,"showImageEffects":false,"showParticleSystems":false},"in2DMode":false,"pivot":{"x":0.37611550092697146,"y":0.5349851250648499,"z":0.1492328643798828},"rotation":{"x":-0.2096562534570694,"y":0.014006933197379113,"z":-0.0035543162375688555,"w":-0.9778676629066467},"size":1.41421377658844,"orthographic":false}