{"cameraMode":{"drawMode":0,"name":"Shaded","section":"Shading Mode"},"sceneLighting":false,"audioPlay":false,"sceneViewState":{"showFog":false,"showMaterialUpdate":false,"showSkybox":false,"showFlares":false,"showImageEffects":false,"showParticleSystems":false},"in2DMode":false,"pivot":{"x":-0.29906103014945986,"y":0.5152993202209473,"z":-0.4507749676704407},"rotation":{"x":-0.06919187307357788,"y":-0.7004802227020264,"z":0.06811553239822388,"w":-0.7075961828231812},"size":0.8801894187927246,"orthographic":false}