{"cameraMode":{"drawMode":0,"name":"Shaded","section":"Shading Mode"},"sceneLighting":true,"audioPlay":false,"sceneViewState":{"showFog":false,"showMaterialUpdate":false,"showSkybox":false,"showFlares":false,"showImageEffects":false,"showParticleSystems":false},"in2DMode":false,"pivot":{"x":5.276576995849609,"y":-0.3939226567745209,"z":-2.0510213375091554},"rotation":{"x":-0.11038480699062348,"y":-0.7452070713043213,"z":0.12728191912174226,"w":-0.6459028124809265},"size":5.408327102661133,"orthographic":false}