{"cameraMode":{"drawMode":0,"name":"Shaded","section":"Shading Mode"},"sceneLighting":false,"audioPlay":false,"sceneViewState":{"showFog":false,"showMaterialUpdate":false,"showSkybox":false,"showFlares":false,"showImageEffects":false,"showParticleSystems":false},"in2DMode":false,"pivot":{"x":-87.24858856201172,"y":-82.90757751464844,"z":22.472938537597658},"rotation":{"x":-0.27700984477996828,"y":0.5798800587654114,"z":-0.21840603649616242,"w":-0.7351170778274536},"size":68.03839874267578,"orthographic":false}