{"cameraMode":{"drawMode":0,"name":"Shaded","section":"Shading Mode"},"sceneLighting":false,"audioPlay":false,"sceneViewState":{"showFog":false,"showMaterialUpdate":false,"showSkybox":false,"showFlares":false,"showImageEffects":false,"showParticleSystems":false},"in2DMode":false,"pivot":{"x":-0.404378741979599,"y":-0.8054932951927185,"z":-0.2608824670314789},"rotation":{"x":0.3811326026916504,"y":0.036953404545784,"z":-0.014892874285578728,"w":0.9239926338195801},"size":2.8399407863616945,"orthographic":false}