{"cameraMode":{"drawMode":0,"name":"Shaded","section":"Shading Mode"},"sceneLighting":false,"audioPlay":false,"sceneViewState":{"showFog":false,"showMaterialUpdate":false,"showSkybox":false,"showFlares":false,"showImageEffects":false,"showParticleSystems":false},"in2DMode":false,"pivot":{"x":-0.011544905602931977,"y":2.433810234069824,"z":-0.10261423140764237},"rotation":{"x":-0.6960151791572571,"y":-0.0069983042776584629,"z":0.00832721684128046,"w":-0.7185074090957642},"size":3.0254812240600588,"orthographic":false}