{"cameraMode":{"drawMode":0,"name":"Shaded","section":"Shading Mode"},"sceneLighting":false,"audioPlay":false,"sceneViewState":{"showFog":false,"showMaterialUpdate":false,"showSkybox":false,"showFlares":false,"showImageEffects":false,"showParticleSystems":false},"in2DMode":false,"pivot":{"x":39.62500762939453,"y":0.1845102310180664,"z":-0.2550036907196045},"rotation":{"x":0.2861270606517792,"y":-0.626575767993927,"z":0.26595792174339297,"w":0.675167441368103},"size":47.84358596801758,"orthographic":false}