{"cameraMode":{"drawMode":0,"name":"Shaded","section":"Shading Mode"},"sceneLighting":false,"audioPlay":false,"sceneViewState":{"showFog":false,"showMaterialUpdate":false,"showSkybox":false,"showFlares":false,"showImageEffects":false,"showParticleSystems":false},"in2DMode":false,"pivot":{"x":-100.00371551513672,"y":-124.69729614257813,"z":4.336310386657715},"rotation":{"x":-0.30770525336265566,"y":0.6265496611595154,"z":-0.29499560594558718,"w":-0.6533153057098389},"size":87.00188446044922,"orthographic":false}