{"cameraMode":{"drawMode":0,"name":"Shaded","section":"Shading Mode"},"sceneLighting":false,"audioPlay":false,"sceneViewState":{"showFog":false,"showMaterialUpdate":false,"showSkybox":false,"showFlares":false,"showImageEffects":false,"showParticleSystems":false},"in2DMode":false,"pivot":{"x":-0.06119720637798309,"y":0.6347179412841797,"z":-1.0758424997329713},"rotation":{"x":0.024893030524253846,"y":0.05717486888170242,"z":-0.001064338139258325,"w":0.998318612575531},"size":0.6409807801246643,"orthographic":false}