{"cameraMode":{"drawMode":0,"name":"Shaded","section":"Shading Mode"},"sceneLighting":false,"audioPlay":false,"sceneViewState":{"showFog":false,"showMaterialUpdate":false,"showSkybox":false,"showFlares":false,"showImageEffects":false,"showParticleSystems":false},"in2DMode":false,"pivot":{"x":0.2789172828197479,"y":1.5586631298065186,"z":-2.041107177734375},"rotation":{"x":-0.349445641040802,"y":0.0027937714476138355,"z":-0.0028487436939030887,"w":-0.9377455711364746},"size":2.0236053466796877,"orthographic":false}