{"cameraMode":{"drawMode":0,"name":"Shaded","section":"Shading Mode"},"sceneLighting":true,"audioPlay":false,"sceneViewState":{"showFog":false,"showMaterialUpdate":false,"showSkybox":false,"showFlares":false,"showImageEffects":false,"showParticleSystems":false},"in2DMode":false,"pivot":{"x":-0.09999997913837433,"y":7.999998092651367,"z":65.3199691772461},"rotation":{"x":-0.0073774466291069988,"y":0.6678911447525024,"z":-0.006615984253585339,"w":-0.7442217469215393},"size":10.0,"orthographic":false}