{"cameraMode":{"drawMode":0,"name":"Shaded","section":"Shading Mode"},"sceneLighting":true,"audioPlay":false,"sceneViewState":{"showFog":false,"showMaterialUpdate":false,"showSkybox":false,"showFlares":false,"showImageEffects":false,"showParticleSystems":false},"in2DMode":false,"pivot":{"x":-314.51605224609377,"y":186.588134765625,"z":-333.4448547363281},"rotation":{"x":0.27100956439971926,"y":0.24948492646217347,"z":-0.07020356506109238,"w":0.9278765320777893},"size":23.46122932434082,"orthographic":false}