{"cameraMode":{"drawMode":0,"name":"Shaded","section":"Shading Mode"},"sceneLighting":false,"audioPlay":false,"sceneViewState":{"showFog":false,"showMaterialUpdate":false,"showSkybox":false,"showFlares":false,"showImageEffects":false,"showParticleSystems":false},"in2DMode":false,"pivot":{"x":0.40275776386260989,"y":-7.460241317749023,"z":1.8767329454421998},"rotation":{"x":-0.42228963971138,"y":-0.03305838629603386,"z":0.015549607574939728,"w":-0.9059069752693176},"size":9.716564178466797,"orthographic":false}