{"cameraMode":{"drawMode":0,"name":"Shaded","section":"Shading Mode"},"sceneLighting":true,"audioPlay":false,"sceneViewState":{"showFog":false,"showMaterialUpdate":false,"showSkybox":false,"showFlares":false,"showImageEffects":false,"showParticleSystems":false},"in2DMode":false,"pivot":{"x":-7.3905863761901859,"y":-0.1914709061384201,"z":-13.048042297363282},"rotation":{"x":0.0033920209389179947,"y":-0.9965954422950745,"z":0.05357806757092476,"w":0.06285975873470307},"size":15.214350700378418,"orthographic":false}