{"cameraMode":{"drawMode":0,"name":"Shaded","section":"Shading Mode"},"sceneLighting":true,"audioPlay":false,"sceneViewState":{"showFog":false,"showMaterialUpdate":false,"showSkybox":false,"showFlares":false,"showImageEffects":false,"showParticleSystems":false},"in2DMode":false,"pivot":{"x":2.1126346588134767,"y":27.653209686279298,"z":2.354297399520874},"rotation":{"x":-0.01116531528532505,"y":0.9415733814239502,"z":0.0568561777472496,"w":0.33476316928863528},"size":10.0,"orthographic":false}