{"cameraMode":{"drawMode":0,"name":"Shaded","section":"Shading Mode"},"sceneLighting":false,"audioPlay":false,"sceneViewState":{"showFog":false,"showMaterialUpdate":false,"showSkybox":false,"showFlares":false,"showImageEffects":false,"showParticleSystems":false},"in2DMode":false,"pivot":{"x":-1.499136209487915,"y":0.13155482709407807,"z":0.07409277558326721},"rotation":{"x":-0.08464904129505158,"y":-0.7087532877922058,"z":0.08598905056715012,"w":-0.695619523525238},"size":0.7386729121208191,"orthographic":false}