{"cameraMode":{"drawMode":0,"name":"Shaded","section":"Shading Mode"},"sceneLighting":true,"audioPlay":false,"sceneViewState":{"showFog":false,"showMaterialUpdate":false,"showSkybox":false,"showFlares":false,"showImageEffects":false,"showParticleSystems":false},"in2DMode":false,"pivot":{"x":2.8521783351898195,"y":3.1512839794158937,"z":-3.042952537536621},"rotation":{"x":-0.2105019986629486,"y":0.12250729650259018,"z":-0.025821032002568246,"w":-0.9699788689613342},"size":1.0349218845367432,"orthographic":false}