{"cameraMode":{"drawMode":0,"name":"Shaded","section":"Shading Mode"},"sceneLighting":true,"audioPlay":false,"sceneViewState":{"showFog":false,"showMaterialUpdate":false,"showSkybox":false,"showFlares":false,"showImageEffects":false,"showParticleSystems":false},"in2DMode":false,"pivot":{"x":2.3719096183776857,"y":4.215285778045654,"z":-0.8491649031639099},"rotation":{"x":0.012891359627246857,"y":-0.0032241784501820804,"z":0.008470515720546246,"w":1.0008782148361207},"size":6.45953369140625,"orthographic":false}