{"cameraMode":{"drawMode":0,"name":"Shaded","section":"Shading Mode"},"sceneLighting":true,"audioPlay":false,"sceneViewState":{"showFog":false,"showMaterialUpdate":false,"showSkybox":false,"showFlares":false,"showImageEffects":false,"showParticleSystems":false},"in2DMode":false,"pivot":{"x":0.8301334381103516,"y":-12.123528480529786,"z":9.783921241760254},"rotation":{"x":0.46211767196655276,"y":0.015699241310358049,"z":-0.008493827655911446,"w":0.8869913816452026},"size":9.323432922363282,"orthographic":false}