{"cameraMode":{"drawMode":0,"name":"Shaded","section":"Shading Mode"},"sceneLighting":false,"audioPlay":false,"sceneViewState":{"showFog":false,"showMaterialUpdate":false,"showSkybox":false,"showFlares":false,"showImageEffects":false,"showParticleSystems":false},"in2DMode":false,"pivot":{"x":1.6069422960281373,"y":-0.983379602432251,"z":0.8093119859695435},"rotation":{"x":0.3024076819419861,"y":0.6322100162506104,"z":-0.29375267028808596,"w":0.6506891846656799},"size":2.9865126609802248,"orthographic":false}