{"cameraMode":{"drawMode":0,"name":"Shaded","section":"Shading Mode"},"sceneLighting":true,"audioPlay":false,"sceneViewState":{"showFog":false,"showMaterialUpdate":false,"showSkybox":false,"showFlares":false,"showImageEffects":false,"showParticleSystems":false},"in2DMode":false,"pivot":{"x":-0.2830258011817932,"y":3.2312629222869875,"z":0.9247654676437378},"rotation":{"x":0.057730626314878467,"y":0.9066765904426575,"z":-0.3964537978172302,"w":0.13202786445617677},"size":1.378151774406433,"orthographic":false}