{"cameraMode":{"drawMode":0,"name":"Shaded","section":"Shading Mode"},"sceneLighting":false,"audioPlay":false,"sceneViewState":{"showFog":false,"showMaterialUpdate":false,"showSkybox":false,"showFlares":false,"showImageEffects":false,"showParticleSystems":false},"in2DMode":false,"pivot":{"x":0.8032199144363403,"y":0.8993536829948425,"z":-0.11606329679489136},"rotation":{"x":-0.31751176714897158,"y":0.6233107447624207,"z":-0.32032686471939089,"w":-0.6402290463447571},"size":1.7886109352111817,"orthographic":false}