{"cameraMode":{"drawMode":0,"name":"Shaded","section":"Shading Mode"},"sceneLighting":false,"audioPlay":false,"sceneViewState":{"showFog":false,"showMaterialUpdate":false,"showSkybox":false,"showFlares":false,"showImageEffects":false,"showParticleSystems":false},"in2DMode":false,"pivot":{"x":-0.973548173904419,"y":0.5201127529144287,"z":-0.053789861500263217},"rotation":{"x":-0.0163704976439476,"y":-0.7311974167823792,"z":0.016343221068382264,"w":-0.6823433637619019},"size":0.8195540308952332,"orthographic":false}