{"cameraMode":{"drawMode":0,"name":"Shaded","section":"Shading Mode"},"sceneLighting":false,"audioPlay":false,"sceneViewState":{"showFog":false,"showMaterialUpdate":false,"showSkybox":false,"showFlares":false,"showImageEffects":false,"showParticleSystems":false},"in2DMode":false,"pivot":{"x":0.44570305943489077,"y":-0.42944619059562685,"z":0.039625417441129687},"rotation":{"x":0.4671224355697632,"y":-0.17017558217048646,"z":0.09366107732057572,"w":0.8633643984794617},"size":1.2465566396713257,"orthographic":false}