{"cameraMode":{"drawMode":0,"name":"Shaded","section":"Shading Mode"},"sceneLighting":true,"audioPlay":false,"sceneViewState":{"showFog":false,"showMaterialUpdate":false,"showSkybox":false,"showFlares":false,"showImageEffects":false,"showParticleSystems":false},"in2DMode":false,"pivot":{"x":-0.6407060027122498,"y":-27.423519134521486,"z":23.89963722229004},"rotation":{"x":-0.430247038602829,"y":0.012520454823970795,"z":-0.0052010915242135529,"w":-0.9030544757843018},"size":19.85809326171875,"orthographic":false}