{"cameraMode":{"drawMode":0,"name":"Shaded","section":"Shading Mode"},"sceneLighting":false,"audioPlay":false,"sceneViewState":{"showFog":false,"showMaterialUpdate":false,"showSkybox":false,"showFlares":false,"showImageEffects":false,"showParticleSystems":false},"in2DMode":false,"pivot":{"x":-0.3565687835216522,"y":-7.702801704406738,"z":0.3272026777267456},"rotation":{"x":-0.3670917749404907,"y":0.6076034903526306,"z":-0.3722997307777405,"w":-0.5986166000366211},"size":8.301161766052246,"orthographic":false}