{"cameraMode":{"drawMode":0,"name":"Shaded","section":"Shading Mode"},"sceneLighting":true,"audioPlay":false,"sceneViewState":{"showFog":false,"showMaterialUpdate":false,"showSkybox":false,"showFlares":false,"showImageEffects":false,"showParticleSystems":false},"in2DMode":false,"pivot":{"x":0.49420905113220217,"y":1.840993881225586,"z":53.13602828979492},"rotation":{"x":0.171941339969635,"y":0.34444522857666018,"z":-0.06102502718567848,"w":0.9217603802680969},"size":3.0482263565063478,"orthographic":false}