{"cameraMode":{"drawMode":0,"name":"Shaded","section":"Shading Mode"},"sceneLighting":true,"audioPlay":false,"sceneViewState":{"showFog":false,"showMaterialUpdate":false,"showSkybox":false,"showFlares":false,"showImageEffects":false,"showParticleSystems":false},"in2DMode":false,"pivot":{"x":596.5579223632813,"y":929.9315185546875,"z":24.03976058959961},"rotation":{"x":0.014689100906252861,"y":0.007196086924523115,"z":0.00010570814629318193,"w":-0.999867856502533},"size":807.0612182617188,"orthographic":false}