{"cameraMode":{"drawMode":0,"name":"Shaded","section":"Shading Mode"},"sceneLighting":true,"audioPlay":false,"sceneViewState":{"showFog":false,"showMaterialUpdate":false,"showSkybox":false,"showFlares":false,"showImageEffects":false,"showParticleSystems":false},"in2DMode":false,"pivot":{"x":-1.6270768642425538,"y":1.7577883005142213,"z":89.54873657226563},"rotation":{"x":-0.13376465439796449,"y":-0.3854351341724396,"z":0.05689401552081108,"w":-0.911727249622345},"size":2.4502477645874025,"orthographic":false}