{"cameraMode":{"drawMode":0,"name":"Shaded","section":"Shading Mode"},"sceneLighting":true,"audioPlay":false,"sceneViewState":{"showFog":false,"showMaterialUpdate":false,"showSkybox":false,"showFlares":false,"showImageEffects":false,"showParticleSystems":false},"in2DMode":false,"pivot":{"x":-1.0007312297821046,"y":-18.11899757385254,"z":18.496540069580079},"rotation":{"x":0.39776596426963808,"y":-0.014725834131240845,"z":0.004459082148969173,"w":0.9178481698036194},"size":19.703227996826173,"orthographic":false}