{"cameraMode":{"drawMode":0,"name":"Shaded","section":"Shading Mode"},"sceneLighting":false,"audioPlay":false,"sceneViewState":{"showFog":false,"showMaterialUpdate":false,"showSkybox":false,"showFlares":false,"showImageEffects":false,"showParticleSystems":false},"in2DMode":false,"pivot":{"x":-1.877374291419983,"y":1.1448438167572022,"z":-2.3790814876556398},"rotation":{"x":0.08200636506080628,"y":0.4152672290802002,"z":-0.03760474920272827,"w":0.9055953621864319},"size":0.3192008435726166,"orthographic":false}