{"cameraMode":{"drawMode":0,"name":"Shaded","section":"Shading Mode"},"sceneLighting":true,"audioPlay":false,"sceneViewState":{"showFog":false,"showMaterialUpdate":false,"showSkybox":false,"showFlares":false,"showImageEffects":false,"showParticleSystems":false},"in2DMode":false,"pivot":{"x":-14.36750316619873,"y":-19.777179718017579,"z":36.25262451171875},"rotation":{"x":0.3219659924507141,"y":-0.3677023649215698,"z":0.137725830078125,"w":0.8619961738586426},"size":17.457538604736329,"orthographic":false}