{"cameraMode":{"drawMode":0,"name":"Shaded","section":"Shading Mode"},"sceneLighting":true,"audioPlay":false,"sceneViewState":{"showFog":false,"showMaterialUpdate":false,"showSkybox":false,"showFlares":false,"showImageEffects":false,"showParticleSystems":false},"in2DMode":false,"pivot":{"x":-10.59886360168457,"y":3.983429193496704,"z":264.8458557128906},"rotation":{"x":0.042249470949172977,"y":0.7636401057243347,"z":-0.04523487389087677,"w":0.6438942551612854},"size":10.29124927520752,"orthographic":false}